https://www.linkedin.com/jobs/view/3806930943/?alternateChannel=search&refId=lDlZJvG4OW0xRP7xt0RVlg%3D%3D&trackingId=qNRVFnO%2BQJyuaa2b%2FT8GiQ%3D%3D,1
https://www.linkedin.com/jobs/view/3810274485/?alternateChannel=search&trackingId=Pfa8QX7ZT2WW4HsSclTlwQ%3D%3D,2
https://www.linkedin.com/jobs/view/3688425969/?alternateChannel=search&trackingId=0obu3Q%2BRR2S0S1OgTqg3%2FA%3D%3D,2
https://www.linkedin.com/jobs/view/3813623032/?alternateChannel=search&refId=Li9t%2BqLtLcGrKx9w7AU0TA%3D%3D&trackingId=gGm7qd5TyA2C%2BUZZSPfpLA%3D%3D,3
https://www.linkedin.com/jobs/view/3827214551/?alternateChannel=search&refId=UhDr2lWBdoB%2FTVqatOBjmA%3D%3D&trackingId=82xHPXMSr0xmrV4QInnNVg%3D%3D,1
https://www.linkedin.com/jobs/view/3834705114/?alternateChannel=search&refId=yMUzpNjEGPyqqP3Xeijg0w%3D%3D&trackingId=Y0kHs9dankN0IRhDY%2BPNFA%3D%3D,2
https://www.linkedin.com/jobs/view/3827218722/?alternateChannel=search&refId=yMUzpNjEGPyqqP3Xeijg0w%3D%3D&trackingId=FBt%2BUmI7UGiu8ybYAgCJFw%3D%3D,2
https://www.linkedin.com/jobs/view/3827218759/?alternateChannel=search&refId=ypGtOb2iR5KjpGGQAGfEAw%3D%3D&trackingId=mfkx5lAJpjiHebhpYrl8qg%3D%3D,2
https://www.linkedin.com/jobs/view/3832044163/?alternateChannel=search&refId=ypGtOb2iR5KjpGGQAGfEAw%3D%3D&trackingId=qr%2FcBo8pyfwaFyBz5fM40g%3D%3D,3
https://www.linkedin.com/jobs/view/3829104865/?alternateChannel=search&refId=ypGtOb2iR5KjpGGQAGfEAw%3D%3D&trackingId=DR69TQw9nJuwVnAA%2F8wXGA%3D%3D,2
https://www.linkedin.com/jobs/view/3833021103/?alternateChannel=search&refId=ypGtOb2iR5KjpGGQAGfEAw%3D%3D&trackingId=ttCQq11%2BOa8p7a%2BE24sqnQ%3D%3D,2
https://www.linkedin.com/jobs/view/3800542255/?alternateChannel=search&refId=%2Bncl7eRNa9%2BMS1QVluimzw%3D%3D&trackingId=eukoQd3qEPyDRkAwNcrO9A%3D%3D,3
https://www.linkedin.com/jobs/view/3829148019/?alternateChannel=search&refId=ypGtOb2iR5KjpGGQAGfEAw%3D%3D&trackingId=%2FyR%2B9J70vrKue7YH%2BB7FZg%3D%3D,2
https://www.linkedin.com/jobs/view/3798383786/?alternateChannel=search&refId=bwOZQgtsTxculXdpC6O1ow%3D%3D&trackingId=1o5wbTkg32wS6r%2BHKfKbGg%3D%3D,1
https://www.linkedin.com/jobs/view/3835861845/?alternateChannel=search&refId=UtjC%2F%2BXx07gz0R2QDM3sQQ%3D%3D&trackingId=eJdnIEWFLgxbU1Xe3kzagg%3D%3D,3
https://www.linkedin.com/jobs/view/3836484328/?alternateChannel=search&refId=UtjC%2F%2BXx07gz0R2QDM3sQQ%3D%3D&trackingId=MvNbnuE3itRhq%2Flu6Svycw%3D%3D,2
https://www.linkedin.com/jobs/view/3836400608/?alternateChannel=search&refId=TPOQbsdwIQFUzI5LhBa1Xw%3D%3D&trackingId=0%2BQZcMPD404megytBymVmw%3D%3D,3
https://www.linkedin.com/jobs/view/3832170769/?alternateChannel=search&refId=TPOQbsdwIQFUzI5LhBa1Xw%3D%3D&trackingId=UIY%2FWQnnLgCkkgqVo9fl5Q%3D%3D,2
https://www.linkedin.com/jobs/view/3811198945/?alternateChannel=search&refId=FIhCBnGx7HZOR88JXte2iA%3D%3D&trackingId=UpTe%2B0J7h2XnuMSDxmWcwQ%3D%3D,3
https://www.linkedin.com/jobs/view/3808300009/?alternateChannel=search&refId=rSlIjH%2BfDQ86BxQTRFW8fQ%3D%3D&trackingId=q2sFdsciuMxIe4ZKG9Rddg%3D%3D,1
https://www.linkedin.com/jobs/view/3689173593/?alternateChannel=search&refId=Oe%2FfkNyrHFnMLHyo%2BiLU4Q%3D%3D&trackingId=8FiTb4GszxTX46yNzGOZ9w%3D%3D,3
https://www.linkedin.com/jobs/view/3441711629/?alternateChannel=search&refId=glSwFukC9bBcogczJg%2FVjA%3D%3D&trackingId=j%2FVC%2FGhD4g%2FMKmRFr0fpCg%3D%3D,2
https://www.linkedin.com/jobs/view/3825906133/?alternateChannel=search&refId=iWpDPdKpLjj9jusfgwmThg%3D%3D&trackingId=t15l0y2i9sjM%2BejMOVSOjA%3D%3D,0
https://www.linkedin.com/jobs/view/3784891383/?alternateChannel=search&refId=Oe%2FfkNyrHFnMLHyo%2BiLU4Q%3D%3D&trackingId=phRHpjilpRJd5GV5b2ptpQ%3D%3D,1
https://www.linkedin.com/jobs/view/3832459492/?alternateChannel=search&refId=MtKo46PdGalKPVbVK6VmVg%3D%3D&trackingId=P6hFsHbmDBYYMHnhu4Y6PQ%3D%3D,2
https://www.linkedin.com/jobs/view/3798124941/?alternateChannel=search&refId=W2Ij6%2Fty2UFxn1DQviH8ug%3D%3D&trackingId=0x%2FblRJ5m5hVG4SJNYeV0Q%3D%3D,0
https://www.linkedin.com/jobs/view/3815232124/?alternateChannel=search&refId=Bt3XEWCEFS5isGyz27sukQ%3D%3D&trackingId=fgcz2m8VwXcY8oVUNLSSnw%3D%3D,0
https://www.linkedin.com/jobs/view/3831519366/?alternateChannel=search&refId=l3jqmTDmyHlz3kZn3n7giA%3D%3D&trackingId=3YUYIcyWVSVDy9Sxg58rAA%3D%3D,0
https://www.linkedin.com/jobs/view/3742731777/?alternateChannel=search&refId=glSwFukC9bBcogczJg%2FVjA%3D%3D&trackingId=9YTVmJzTeBMhm%2BbGOXyQVw%3D%3D,1
https://www.linkedin.com/jobs/view/3833446125/?alternateChannel=search&refId=MtKo46PdGalKPVbVK6VmVg%3D%3D&trackingId=qKrs9bD9SFycD%2BJprMq5EQ%3D%3D,1
https://www.linkedin.com/jobs/view/3828508473/?alternateChannel=search&refId=MtKo46PdGalKPVbVK6VmVg%3D%3D&trackingId=g5uUb%2BlWriMKkYIyWcsntg%3D%3D,2
https://www.linkedin.com/jobs/view/3833447054/?alternateChannel=search&refId=MtKo46PdGalKPVbVK6VmVg%3D%3D&trackingId=SEwYkokzmk24PdDbwiFYDw%3D%3D,2
https://www.linkedin.com/jobs/view/3836993295/?alternateChannel=search&refId=MtKo46PdGalKPVbVK6VmVg%3D%3D&trackingId=6ZX7cMffl5vmFknAhewm4g%3D%3D,3
https://www.linkedin.com/jobs/view/3827935451/?alternateChannel=search&refId=MtKo46PdGalKPVbVK6VmVg%3D%3D&trackingId=%2B95qCh%2Bwao5Z6aEqWR8ayA%3D%3D,0
https://www.linkedin.com/jobs/view/3821095211/?alternateChannel=search&refId=q6AFAbBnAPX%2F6mTTv4M9qg%3D%3D&trackingId=iIUQcbZ2MA6Tri%2BHg0zVtQ%3D%3D,0
https://www.linkedin.com/jobs/view/3807126446/?alternateChannel=search&refId=FIhCBnGx7HZOR88JXte2iA%3D%3D&trackingId=Vtth5RizDBP3qj7wxZ3DoQ%3D%3D,1
https://www.linkedin.com/jobs/view/3836985908/?alternateChannel=search&refId=MtKo46PdGalKPVbVK6VmVg%3D%3D&trackingId=%2BJUwoyQCVi6xjhnyrpeOZw%3D%3D,1
https://www.linkedin.com/jobs/view/3836430754/?alternateChannel=search&refId=MtKo46PdGalKPVbVK6VmVg%3D%3D&trackingId=xwHWVIXD%2FAbIWq50TM7fPQ%3D%3D,2
https://www.linkedin.com/jobs/view/3811310322/?alternateChannel=search&refId=FIhCBnGx7HZOR88JXte2iA%3D%3D&trackingId=FDJ7gbqhtCjGFhhiqyagdQ%3D%3D,3
https://www.linkedin.com/jobs/view/3833445390/?alternateChannel=search&refId=17DWXWfwEx8HC0B5SKNZCg%3D%3D&trackingId=qynKTnlwIwYJ9Pr7z5X7zA%3D%3D,2
https://www.linkedin.com/jobs/view/3823042029/?alternateChannel=search&refId=YHg8B5V0GN6BD6vR4Ef5Hg%3D%3D&trackingId=TYH5DSVbeIrg6jhVH7zSDA%3D%3D,2
https://www.linkedin.com/jobs/view/3827949510/?alternateChannel=search&refId=JnqE9SL3C42npDT2WvHpXA%3D%3D&trackingId=NYnOfJ0hCxZQxpKQwWSOaw%3D%3D,2
https://www.linkedin.com/jobs/view/3831389135/?alternateChannel=search&refId=JnqE9SL3C42npDT2WvHpXA%3D%3D&trackingId=7NVZzbwkmIZkHmeGyfG%2F0w%3D%3D,1
https://www.linkedin.com/jobs/view/3831525203/?alternateChannel=search&refId=JnqE9SL3C42npDT2WvHpXA%3D%3D&trackingId=z%2BdUnZu6JW0nNH3hdhnjTw%3D%3D,2
https://www.linkedin.com/jobs/view/3828510263/?alternateChannel=search&refId=JnqE9SL3C42npDT2WvHpXA%3D%3D&trackingId=vjkyJHU3gCe0Sc8KYjKMog%3D%3D,2
https://www.linkedin.com/jobs/view/3831090609/?alternateChannel=search&refId=JnqE9SL3C42npDT2WvHpXA%3D%3D&trackingId=UeHaaS1ynIS9nuc2lfSo8w%3D%3D,2
https://www.linkedin.com/jobs/view/3806460658/?refId=4dd9f5ee-2ac2-44c7-a51b-5e838fe62715&trackingId=cgo7m3KYTbiI4rhA1ptcqA%3D%3D,3
https://www.linkedin.com/jobs/view/3814476835/?refId=4f1cb55f-f36f-418d-b6b4-f7cfb1abe044&trackingId=eNo2LGg5QLm7C7Io5CjO6g%3D%3D,2
https://www.linkedin.com/jobs/view/3830640488/?alternateChannel=search&refId=IjF%2Be5ZCr%2BFaNDuFkU9BoA%3D%3D&trackingId=gAT%2FNtNHJkGSrYdJFI27GA%3D%3D,1
https://www.linkedin.com/jobs/view/3830492099/?alternateChannel=search&refId=jJaA2IfsylWZNm9cgap3OA%3D%3D&trackingId=AuZY%2BEUy7Ro1RxQqWgPm7w%3D%3D,2
https://www.linkedin.com/jobs/view/3744789838/?refId=ced7878d-7756-4fde-9475-8ad86f5a4d7b&trackingId=ekRlHWQwQo2VGOLIEqw4wg%3D%3D,3
https://www.linkedin.com/jobs/view/3830494081/?alternateChannel=search&refId=jJaA2IfsylWZNm9cgap3OA%3D%3D&trackingId=rqAmWEuFcRI45fq3XlBshQ%3D%3D,2
https://www.linkedin.com/jobs/view/3833443708/?alternateChannel=search&refId=jJaA2IfsylWZNm9cgap3OA%3D%3D&trackingId=bBBeUl%2BJlvVvtGzFMNsZXw%3D%3D,1
https://www.linkedin.com/jobs/view/3831242514/?alternateChannel=search&refId=NcKKq4VoQ2WhHi%2BN%2BDJW%2BQ%3D%3D&trackingId=%2Fn7VHCRZg3SU1ScptuaOPw%3D%3D,2
https://www.linkedin.com/jobs/view/3820786394/?alternateChannel=search&refId=mo%2BOOwBBeIVE8JpFjdYQ7w%3D%3D&trackingId=%2Bb718xpG%2BwU1FRZHKtQLpA%3D%3D,0
https://www.linkedin.com/jobs/view/3799970378/?alternateChannel=search&refId=e5ytXuux9Kn6wULYPoMyGQ%3D%3D&trackingId=sVm3f6UN91RqELyLYB9sow%3D%3D,1
https://www.linkedin.com/jobs/view/3831525256/?alternateChannel=search&refId=EoGodWzbksWbsAANZ7JZEQ%3D%3D&trackingId=yTpXPqlcxjK6kNa77w38Jg%3D%3D,0
https://www.linkedin.com/jobs/view/3836955949/?alternateChannel=search&refId=Qe59kHTUM0%2FrwVmsxSTozQ%3D%3D&trackingId=8sU9dDC5wupBlLDE4CCsYw%3D%3D,0
https://www.linkedin.com/jobs/view/3811310015/?alternateChannel=search&refId=5wN2ojp0m6J79G0FrU1%2B4g%3D%3D&trackingId=MbSdl9QGcCWHAh3%2FSfbrmA%3D%3D,3
https://www.linkedin.com/jobs/view/3814173635/?alternateChannel=search&refId=5wN2ojp0m6J79G0FrU1%2B4g%3D%3D&trackingId=ATbkc77tGSgyG9ecUCW%2BvA%3D%3D,2
https://www.linkedin.com/jobs/view/3831198780/?alternateChannel=search&refId=eTbUEijvZfahk%2B7PrNhWrA%3D%3D&trackingId=FtueZkxENBDskdXeiEJmEw%3D%3D,3
https://www.linkedin.com/jobs/view/3835763987/?alternateChannel=search&refId=eTbUEijvZfahk%2B7PrNhWrA%3D%3D&trackingId=YlwAmjDkLNnMWQdZw4%2BIvA%3D%3D,2
https://www.linkedin.com/jobs/view/3832726226/?alternateChannel=search&refId=nJY%2FMdotXUYkY3rwiAx2Vw%3D%3D&trackingId=Qk1iVjEoPahY9IE3HfhItg%3D%3D,1
https://www.linkedin.com/jobs/view/3831192258/?alternateChannel=search&refId=aDDLGK0ZqW78uMEVZFTYuA%3D%3D&trackingId=lFSdrp7PDQ%2BI%2FcWlVWuFWw%3D%3D,2
https://www.linkedin.com/jobs/view/3831206453/?alternateChannel=search&refId=aDDLGK0ZqW78uMEVZFTYuA%3D%3D&trackingId=LsVkrcCxVO5fMWATJEpJTA%3D%3D,3
https://www.linkedin.com/jobs/view/3836414971/?alternateChannel=search&refId=qUGCojoamuhA6eJLeMt7zQ%3D%3D&trackingId=srDS4mobRlOvmdvxP4bhQg%3D%3D,2
https://www.linkedin.com/jobs/view/3831539162/?alternateChannel=search&refId=leYy%2FM4d%2BY%2B4zzIjDj5nWw%3D%3D&trackingId=iqLxHi7jhh5s97HQrhRuuw%3D%3D,0
https://www.linkedin.com/jobs/view/3831553384/?alternateChannel=search&refId=pmUhaJDcn7JH400%2FmUYtKA%3D%3D&trackingId=zvV1h6E7nLovFTR392ESFg%3D%3D,1
https://www.linkedin.com/jobs/view/3829152118/?alternateChannel=search&refId=pmUhaJDcn7JH400%2FmUYtKA%3D%3D&trackingId=CXAN5prQ7NhomrJsSNyWow%3D%3D,1
https://www.linkedin.com/jobs/view/3836415815/?alternateChannel=search&refId=HV881YI00QA5W%2BfZHRT%2FIA%3D%3D&trackingId=2aaAU7vbyEh20RhagZS9%2BA%3D%3D,2
https://www.linkedin.com/jobs/view/3829664308/?alternateChannel=search&refId=HV881YI00QA5W%2BfZHRT%2FIA%3D%3D&trackingId=jTBZAKcBRS%2Byh2di3VCz2A%3D%3D,2
https://www.linkedin.com/jobs/view/3836413988/?alternateChannel=search&refId=xeTo82CuWku35j4GcKo5CQ%3D%3D&trackingId=znfBYyagi%2BClsA8vEAySqQ%3D%3D,3
https://www.linkedin.com/jobs/view/3831197210/?alternateChannel=search&refId=zooQiB1RUrblp%2FUAsoIGaA%3D%3D&trackingId=xstt4gBcwAeMbZBNsvDf7w%3D%3D,0
https://www.linkedin.com/jobs/view/3831619734/?alternateChannel=search&refId=Ao5dyU60UNMeLIu41btRhQ%3D%3D&trackingId=JdSqh59xGvNhSwXJN4HU7Q%3D%3D,2
https://www.linkedin.com/jobs/view/3814194895/?alternateChannel=search&refId=Yfb%2BeGRf8Ar9%2F5vMrw2NEQ%3D%3D&trackingId=JAUAftHIwbMnIzfF9sIJNw%3D%3D,1
https://www.linkedin.com/jobs/view/3819104029/?alternateChannel=search&refId=qdT3T6Yk9vK7P%2FTQSBka3A%3D%3D&trackingId=rFl1%2Ft7Q5iYPpgykCdkdPA%3D%3D,3
https://www.linkedin.com/jobs/view/3814725030/?alternateChannel=search&refId=qdT3T6Yk9vK7P%2FTQSBka3A%3D%3D&trackingId=ngCVa4doiobGhdK3p5urKg%3D%3D,2
https://www.linkedin.com/jobs/view/3831332995/?alternateChannel=search&refId=qdT3T6Yk9vK7P%2FTQSBka3A%3D%3D&trackingId=X%2BqeyBpowsq4DXDQFoSM3A%3D%3D,3
https://www.linkedin.com/jobs/view/3829348018/?alternateChannel=search&refId=qdT3T6Yk9vK7P%2FTQSBka3A%3D%3D&trackingId=pJStNpgs4y0Oz3qhMgxEig%3D%3D,2
https://www.linkedin.com/jobs/view/3836687379/?alternateChannel=search&refId=44643796-6680-47ff-b077-60306a8efe75&trackingId=1XIWC1hzSC6XT62hdAsFdQ%3D%3D,2
https://www.linkedin.com/jobs/view/3714715661/?alternateChannel=search&refId=5ZGPGMhUHRks0Sq0AarUrA%3D%3D&trackingId=5SJWmFXpcPu8UjaVVmEoBQ%3D%3D,3
https://www.linkedin.com/jobs/view/3795274567/?alternateChannel=search&refId=5ZGPGMhUHRks0Sq0AarUrA%3D%3D&trackingId=4oumADBYiX68X0O3tcxuRw%3D%3D,2
https://www.linkedin.com/jobs/view/3837186907/?alternateChannel=search&refId=ov7QZzUJ54plcKJn%2F9SvyA%3D%3D&trackingId=wb%2Fa0BWbqpkXcQp7Xt9Uow%3D%3D,0
https://www.linkedin.com/jobs/view/3837171602/?alternateChannel=search&refId=5iCkstZUdhw3HuuONYt1Vw%3D%3D&trackingId=Oq4j%2B1ojgnViTvDRbpK%2BMw%3D%3D,0
https://www.linkedin.com/jobs/view/3832045841/?alternateChannel=search&refId=3sI2fJxGB8vmNidLZwvxQg%3D%3D&trackingId=2FgpEXyDlaLaMd5gRLzPJg%3D%3D,2
https://www.linkedin.com/jobs/view/3837175965/?alternateChannel=search&refId=gEpk5%2BQwe78lnqcwlOXxOA%3D%3D&trackingId=3Z6zBAIEXLuPRfFPctXz5A%3D%3D,2
https://www.linkedin.com/jobs/view/3836126335/?alternateChannel=search&refId=IVbACzZTMQx%2F9HSKjwBiCQ%3D%3D&trackingId=qG4yEKhLrx8nkKrnWXuaAg%3D%3D,3
https://www.linkedin.com/jobs/view/3833645454/?alternateChannel=search&refId=4Ao4NLtnWbEZq1FZMNc%2BEQ%3D%3D&trackingId=QF%2BEqhl3D%2BmGerX8PyoBqg%3D%3D,2
https://www.linkedin.com/jobs/view/3828541111/?alternateChannel=search&refId=5bPA%2BAtS2JDSIVt0rEUGlw%3D%3D&trackingId=9P5I1Wb1%2FDq2YvPEMJwgwg%3D%3D,2
https://www.linkedin.com/jobs/view/3769581760/?alternateChannel=search&refId=5bPA%2BAtS2JDSIVt0rEUGlw%3D%3D&trackingId=V19Mffe9yoBzyAnvs42tuA%3D%3D,3
https://www.linkedin.com/jobs/view/3804821979/?alternateChannel=search&refId=5bPA%2BAtS2JDSIVt0rEUGlw%3D%3D&trackingId=e0gmuqxy8fN%2F6WeUmmk6kw%3D%3D,2
https://www.linkedin.com/jobs/view/3835531085/?alternateChannel=search&refId=IVbACzZTMQx%2F9HSKjwBiCQ%3D%3D&trackingId=g03J3d4J9x8NUMU7nZA3Gg%3D%3D,2
https://www.linkedin.com/jobs/view/3836309279/?alternateChannel=search&refId=ouN3LKeaQN8abWEHkJAkCg%3D%3D&trackingId=kqFMUKi9S7WPzqFEw7o1lA%3D%3D,3
https://www.linkedin.com/jobs/view/3832202511/?alternateChannel=search&refId=ouN3LKeaQN8abWEHkJAkCg%3D%3D&trackingId=iLZkyMQ2ntETAr19ZcoS8Q%3D%3D,1
https://www.linkedin.com/jobs/view/3836117090/?alternateChannel=search&refId=ouN3LKeaQN8abWEHkJAkCg%3D%3D&trackingId=Kpj%2BbbGLs7yeWJu8X2aZJQ%3D%3D,3
https://www.linkedin.com/jobs/view/3832121600/?alternateChannel=search&refId=ouN3LKeaQN8abWEHkJAkCg%3D%3D&trackingId=8livLcHuELBsgYx3jYM8HQ%3D%3D,2
https://www.linkedin.com/jobs/view/3835576198/?alternateChannel=search&refId=ouN3LKeaQN8abWEHkJAkCg%3D%3D&trackingId=u3kgHp%2FVs9nYgGDi0mXn6Q%3D%3D,3
https://www.linkedin.com/jobs/view/3817707205/?alternateChannel=search&refId=tdrs11xen9nQyjG9XvarZA%3D%3D&trackingId=ax%2BTbxUUcnzk7S%2BsZto9fA%3D%3D,2
https://www.linkedin.com/jobs/view/3825596122/?alternateChannel=search&refId=tdrs11xen9nQyjG9XvarZA%3D%3D&trackingId=JWBNhUgrcH3siN4kQPHAjA%3D%3D,2
https://www.linkedin.com/jobs/view/3815633979/?alternateChannel=search&refId=tdrs11xen9nQyjG9XvarZA%3D%3D&trackingId=AfcDwnJ6W5tXPpnC2xVjkg%3D%3D,2
https://www.linkedin.com/jobs/view/3831991118/?alternateChannel=search&refId=ouN3LKeaQN8abWEHkJAkCg%3D%3D&trackingId=c%2FDNuJVJ2HalJ7k9NBA2yw%3D%3D,3
https://www.linkedin.com/jobs/view/3836966129/?alternateChannel=search&refId=ouN3LKeaQN8abWEHkJAkCg%3D%3D&trackingId=gpD1jIykqVFqpYdv02zg%2BA%3D%3D,3
https://www.linkedin.com/jobs/view/3831282134/?alternateChannel=search&refId=ouN3LKeaQN8abWEHkJAkCg%3D%3D&trackingId=xfAcbzq8FmoGZNCbgWQQ6w%3D%3D,2
https://www.linkedin.com/jobs/view/3835714906/?alternateChannel=search&refId=ouN3LKeaQN8abWEHkJAkCg%3D%3D&trackingId=WrXS7A3arRoNOQeJgbwlhA%3D%3D,3
https://www.linkedin.com/jobs/view/3832073162/?alternateChannel=search&refId=ouN3LKeaQN8abWEHkJAkCg%3D%3D&trackingId=KAkN%2FeuaneO1Sm6nIKgynw%3D%3D,2
https://www.linkedin.com/jobs/view/3835714032/?alternateChannel=search&refId=ouN3LKeaQN8abWEHkJAkCg%3D%3D&trackingId=r8XwKcFrz%2BIzoL%2FM3FMbvA%3D%3D,2
https://www.linkedin.com/jobs/view/3828592919/?alternateChannel=search&refId=ouN3LKeaQN8abWEHkJAkCg%3D%3D&trackingId=7E%2FaIvm6lgYQbijApGe7Og%3D%3D,2